{
  "EURUSD": {
    "weekly_count": 10,
    "monthly_count": 10,
    "weekly_levels": [
      1.08041,
      1.12038,
      1.09614,
      1.08992,
      1.10596
    ],
    "monthly_levels": [
      1.0809,
      1.14817,
      1.18782,
      1.11769,
      1.04782
    ]
  },
  "GBPUSD": {
    "weekly_count": 10,
    "monthly_count": 10,
    "weekly_levels": [
      1.30208,
      1.27932,
      1.31699,
      1.25983,
      1.28782
    ],
    "monthly_levels": [
      1.31483,
      1.26752,
      1.34082,
      1.57664,
      1.53454
    ]
  },
  "USDJPY": {
    "weekly_count": 10,
    "monthly_count": 10,
    "weekly_levels": [
      108.857,
      109.932,
      110.821,
      107.551,
      111.556
    ],
    "monthly_levels": [
      112.072,
      108.56,
      114.545,
      110.256,
      107.235
    ]
  },
  "USDCHF": {
    "weekly_count": 10,
    "monthly_count": 10,
    "weekly_levels": [
      0.98112,
      0.98864,
      0.92275,
      0.97277,
      0.91111
    ],
    "monthly_levels": [
      0.92079,
      0.90472,
      0.94459,
      0.9839,
      0.95626
    ]
  },
  "USDCAD": {
    "weekly_count": 10,
    "monthly_count": 10,
    "weekly_levels": [
      1.32402,
      1.31589,
      1.33537,
      1.30775,
      1.344
    ],
    "monthly_levels": [
      1.3338,
      1.29696,
      1.34214,
      1.30943,
      1.00136
    ]
  },
  "AUDUSD": {
    "weekly_count": 10,
    "monthly_count": 10,
    "weekly_levels": [
      0.75116,
      0.76818,
      0.76053,
      0.73018,
      0.74135
    ],
    "monthly_levels": [
      0.72698,
      0.75285,
      0.76674,
      0.69955,
      0.77889
    ]
  },
  "NZDUSD": {
    "weekly_count": 10,
    "monthly_count": 10,
    "weekly_levels": [
      0.68792,
      0.68091,
      0.71927,
      0.71066,
      0.70285
    ],
    "monthly_levels": [
      0.67909,
      0.70825,
      0.6562,
      0.73644,
      0.71985
    ]
  },
  "EURGBP": {
    "weekly_count": 10,
    "monthly_count": 10,
    "weekly_levels": [
      0.86113,
      0.85047,
      0.86803,
      0.87404,
      0.84142
    ],
    "monthly_levels": [
      0.86256,
      0.84914,
      0.87488,
      0.88338,
      0.83995
    ]
  },
  "EURJPY": {
    "weekly_count": 10,
    "monthly_count": 10,
    "weekly_levels": [
      131.992,
      131.192,
      134.439,
      133.503,
      127.849
    ],
    "monthly_levels": [
      137.447,
      126.567,
      133.25,
      124.546,
      138.81
    ]
  },
  "EURCHF": {
    "weekly_count": 10,
    "monthly_count": 10,
    "weekly_levels": [
      1.08198,
      1.09038,
      1.54241,
      1.5501,
      1.0715
    ],
    "monthly_levels": [
      1.53426,
      1.09267,
      1.54806,
      1.06224,
      1.10496
    ]
  },
  "EURAUD": {
    "weekly_count": 10,
    "monthly_count": 10,
    "weekly_levels": [
      1.62278,
      1.6314,
      1.64448,
      1.61133,
      1.63702
    ],
    "monthly_levels": [
      1.63927,
      1.59672,
      1.66138,
      1.62233,
      1.60706
    ]
  },
  "EURCAD": {
    "weekly_count": 10,
    "monthly_count": 10,
    "weekly_levels": [
      1.47426,
      1.46517,
      1.50855,
      1.44699,
      1.45731
    ],
    "monthly_levels": [
      1.46271,
      1.44647,
      1.43688,
      1.47408,
      1.48997
    ]
  },
  "EURNZD": {
    "weekly_count": 10,
    "monthly_count": 10,
    "weekly_levels": [
      1.74695,
      1.67801,
      1.67027,
      1.68472,
      1.75831
    ],
    "monthly_levels": [
      1.62226,
      1.75152,
      1.71719,
      1.7374,
      1.65723
    ]
  },
  "GBPJPY": {
    "weekly_count": 10,
    "monthly_count": 10,
    "weekly_levels": [
      140.748,
      149.51,
      144.897,
      146.863,
      139.849
    ],
    "monthly_levels": [
      139.635,
      149.216,
      148.292,
      146.942,
      156.489
    ]
  },
  "GBPCHF": {
    "weekly_count": 10,
    "monthly_count": 10,
    "weekly_levels": [
      1.11227,
      1.25962,
      1.27887,
      1.48181,
      1.24827
    ],
    "monthly_levels": [
      1.28892,
      1.24597,
      1.11162,
      1.22211,
      2.2513
    ]
  },
  "GBPAUD": {
    "weekly_count": 10,
    "monthly_count": 10,
    "weekly_levels": [
      1.81928,
      1.81218,
      1.78946,
      1.78052,
      1.92849
    ],
    "monthly_levels": [
      1.8288,
      1.72161,
      1.8896,
      1.76516,
      1.81355
    ]
  },
  "GBPCAD": {
    "weekly_count": 10,
    "monthly_count": 10,
    "weekly_levels": [
      1.73057,
      1.71193,
      1.71928,
      1.704,
      1.6962
    ],
    "monthly_levels": [
      1.74975,
      1.62043,
      1.67481,
      1.7357,
      1.7651
    ]
  },
  "GBPNZD": {
    "weekly_count": 10,
    "monthly_count": 10,
    "weekly_levels": [
      1.96304,
      1.94346,
      1.93411,
      1.95352,
      1.97248
    ],
    "monthly_levels": [
      1.90846,
      1.89767,
      2.00537,
      2.03233,
      1.98511
    ]
  },
  "AUDJPY": {
    "weekly_count": 10,
    "monthly_count": 10,
    "weekly_levels": [
      81.614,
      82.433,
      84.45,
      83.831,
      79.513
    ],
    "monthly_levels": [
      84.352,
      81.896,
      87.166,
      76.586,
      86.113
    ]
  },
  "AUDCHF": {
    "weekly_count": 10,
    "monthly_count": 10,
    "weekly_levels": [
      0.9558,
      0.96632,
      0.93521,
      0.92784,
      0.72528
    ],
    "monthly_levels": [
      0.72555,
      0.9514,
      0.93864,
      0.71424,
      0.99361
    ]
  },
  "AUDCAD": {
    "weekly_count": 10,
    "monthly_count": 10,
    "weekly_levels": [
      0.91317,
      0.90343,
      0.9401,
      0.89541,
      0.92417
    ],
    "monthly_levels": [
      0.90891,
      0.92823,
      0.96586,
      0.9395,
      0.99464
    ]
  },
  "AUDNZD": {
    "weekly_count": 10,
    "monthly_count": 10,
    "weekly_levels": [
      1.07782,
      1.08454,
      1.07236,
      1.09354,
      1.06275
    ],
    "monthly_levels": [
      1.09099,
      1.06201,
      1.07544,
      1.05595,
      1.11799
    ]
  },
  "NZDJPY": {
    "weekly_count": 10,
    "monthly_count": 10,
    "weekly_levels": [
      77.646,
      76.8,
      78.33,
      87.314,
      75.882
    ],
    "monthly_levels": [
      75.575,
      86.973,
      78.644,
      83.08,
      79.635
    ]
  },
  "NZDCHF": {
    "weekly_count": 10,
    "monthly_count": 10,
    "weekly_levels": [
      0.75491,
      0.76491,
      0.74648,
      0.65544,
      0.68018
    ],
    "monthly_levels": [
      0.67481,
      0.73088,
      0.70846,
      0.65073,
      0.71926
    ]
  },
  "NZDCAD": {
    "weekly_count": 10,
    "monthly_count": 10,
    "weekly_levels": [
      0.81719,
      0.82608,
      0.80825,
      0.87481,
      0.83443
    ],
    "monthly_levels": [
      0.83416,
      0.86016,
      0.82524,
      0.84176,
      0.80272
    ]
  },
  "CADJPY": {
    "weekly_count": 10,
    "monthly_count": 10,
    "weekly_levels": [
      83.08,
      82.372,
      81.518,
      83.814,
      85.94
    ],
    "monthly_levels": [
      89.227,
      84.795,
      103.817,
      87.449,
      80.351
    ]
  },
  "CADCHF": {
    "weekly_count": 10,
    "monthly_count": 10,
    "weekly_levels": [
      0.74363,
      0.73768,
      0.75299,
      0.73272,
      0.76158
    ],
    "monthly_levels": [
      0.7529,
      0.76375,
      0.73954,
      0.99187,
      0.72012
    ]
  },
  "CHFJPY": {
    "weekly_count": 10,
    "monthly_count": 10,
    "weekly_levels": [
      114.072,
      114.661,
      112.35,
      113.133,
      89.175
    ],
    "monthly_levels": [
      114.237,
      86.516,
      113.278,
      85.282,
      115.629
    ]
  },
  "XAUUSD": {
    "weekly_count": 10,
    "monthly_count": 10,
    "weekly_levels": [
      1303.36,
      1265.14,
      1245.4,
      1231.68,
      1281.97
    ],
    "monthly_levels": [
      1204.82,
      1265.27,
      1308.1,
      1234.62,
      1356.86
    ]
  },
  "XAGUSD": {
    "weekly_count": 10,
    "monthly_count": 10,